{
    "遍历": "for",
    "在": "in",
    "定义": "def",
    "类": "class",
    "继承": "extends",
    "如果": "if",
    "返回": "return",
    "退出循环": "break",
    "跳过": "continue",
    "触发异常": "raise",
    "导入": "import",
    "从": "from",
    "到": "to",
    "结束": "end",
    "当": "as",
    "等于": "==",
    "不等于": "!=",
    "大于": ">",
    "小于": "<",
    "大于等于": ">=",
    "小于等于": "<=",
    "与": "and",
    "或": "or",
    "非": "not",
    "和": "and",
    "缩进": "   ",
    "所有": "*",
    "如果循环": "while"
}